library_id	donor	barcode	titration_level	concentration	run_id	fastq	seq_summary
D01_c1	D01	5	c1	78800000	39f2adf3-9250-445d-a693-243f56d11aeb	/home/tdinse/barcode_qc_Project_red/outputs/tdv1_demux/exp_c3_dorado200_demux/20250218_TDV1c_SM/rawdata/20250218_1533_X1_FBB16496_39f2adf3/bam_pass/barcode05/FBB16496_pass_barcode05_39f2adf3_0f0feac1_0.fastq	/home/tdinse/barcode_qc_Project_red/outputs/tdv1_demux/reports/
D01_c2	D01	6	c2	7880000	39f2adf3-9250-445d-a693-243f56d11aeb	/home/tdinse/barcode_qc_Project_red/outputs/tdv1_demux/exp_c3_dorado200_demux/20250218_TDV1c_SM/rawdata/20250218_1533_X1_FBB16496_39f2adf3/bam_pass/barcode06/FBB16496_pass_barcode06_39f2adf3_0f0feac1_0.fastq	/home/tdinse/barcode_qc_Project_red/outputs/tdv1_demux/reports/
D01_c3	D01	13	c3	788000	39f2adf3-9250-445d-a693-243f56d11aeb	/home/tdinse/barcode_qc_Project_red/outputs/tdv1_demux/exp_c3_dorado200_demux/20250218_TDV1c_SM/rawdata/20250218_1533_X1_FBB16496_39f2adf3/bam_pass/barcode13/FBB16496_pass_barcode13_39f2adf3_0f0feac1_0.fastq	/home/tdinse/barcode_qc_Project_red/outputs/tdv1_demux/reports/
D01_c4	D01	15	c4	78800	39f2adf3-9250-445d-a693-243f56d11aeb	/home/tdinse/barcode_qc_Project_red/outputs/tdv1_demux/exp_c3_dorado200_demux/20250218_TDV1c_SM/rawdata/20250218_1533_X1_FBB16496_39f2adf3/bam_pass/barcode15/FBB16496_pass_barcode15_39f2adf3_0f0feac1_0.fastq	/home/tdinse/barcode_qc_Project_red/outputs/tdv1_demux/reports/
D01_c5	D01	16	c5	7880	39f2adf3-9250-445d-a693-243f56d11aeb	/home/tdinse/barcode_qc_Project_red/outputs/tdv1_demux/exp_c3_dorado200_demux/20250218_TDV1c_SM/rawdata/20250218_1533_X1_FBB16496_39f2adf3/bam_pass/barcode16/FBB16496_pass_barcode16_39f2adf3_0f0feac1_0.fastq	/home/tdinse/barcode_qc_Project_red/outputs/tdv1_demux/reports/
D01_c0	D01	17	negative	0	39f2adf3-9250-445d-a693-243f56d11aeb	/home/tdinse/barcode_qc_Project_red/outputs/tdv1_demux/exp_c3_dorado200_demux/20250218_TDV1c_SM/rawdata/20250218_1533_X1_FBB16496_39f2adf3/bam_pass/barcode17/FBB16496_pass_barcode17_39f2adf3_0f0feac1_0.fastq	/home/tdinse/barcode_qc_Project_red/outputs/tdv1_demux/reports/
D03_c1	D03	18	c1	78800000	d42f899a-5c78-482b-856b-485090df94e3	/home/tdinse/barcode_qc_Project_red/outputs/tdv3_demux/exp_c3_dorado200_demux/20250220_TDV3c_SM/rawdata/20250220_0934_X1_FAZ82149_d42f899a/bam_pass/barcode18/FAZ82149_pass_barcode18_d42f899a_9c3e8cf4_0.fastq	/home/tdinse/barcode_qc_Project_red/outputs/tdv3_demux/reports/
D03_c2	D03	19	c2	7880000	d42f899a-5c78-482b-856b-485090df94e3	/home/tdinse/barcode_qc_Project_red/outputs/tdv3_demux/exp_c3_dorado200_demux/20250220_TDV3c_SM/rawdata/20250220_0934_X1_FAZ82149_d42f899a/bam_pass/barcode19/FAZ82149_pass_barcode19_d42f899a_9c3e8cf4_0.fastq	/home/tdinse/barcode_qc_Project_red/outputs/tdv3_demux/reports/
D03_c3	D03	20	c3	788000	d42f899a-5c78-482b-856b-485090df94e3	/home/tdinse/barcode_qc_Project_red/outputs/tdv3_demux/exp_c3_dorado200_demux/20250220_TDV3c_SM/rawdata/20250220_0934_X1_FAZ82149_d42f899a/bam_pass/barcode20/FAZ82149_pass_barcode20_d42f899a_9c3e8cf4_0.fastq	/home/tdinse/barcode_qc_Project_red/outputs/tdv3_demux/reports/
D03_c4	D03	21	c4	78800	d42f899a-5c78-482b-856b-485090df94e3	/home/tdinse/barcode_qc_Project_red/outputs/tdv3_demux/exp_c3_dorado200_demux/20250220_TDV3c_SM/rawdata/20250220_0934_X1_FAZ82149_d42f899a/bam_pass/barcode21/FAZ82149_pass_barcode21_d42f899a_9c3e8cf4_0.fastq	/home/tdinse/barcode_qc_Project_red/outputs/tdv3_demux/reports/
D03_c5	D03	22	c5	7880	d42f899a-5c78-482b-856b-485090df94e3	/home/tdinse/barcode_qc_Project_red/outputs/tdv3_demux/exp_c3_dorado200_demux/20250220_TDV3c_SM/rawdata/20250220_0934_X1_FAZ82149_d42f899a/bam_pass/barcode22/FAZ82149_pass_barcode22_d42f899a_9c3e8cf4_0.fastq	/home/tdinse/barcode_qc_Project_red/outputs/tdv3_demux/reports/
D03_c0	D03	23	negative	0	d42f899a-5c78-482b-856b-485090df94e3	/home/tdinse/barcode_qc_Project_red/outputs/tdv3_demux/exp_c3_dorado200_demux/20250220_TDV3c_SM/rawdata/20250220_0934_X1_FAZ82149_d42f899a/bam_pass/barcode23/FAZ82149_pass_barcode23_d42f899a_9c3e8cf4_0.fastq	/home/tdinse/barcode_qc_Project_red/outputs/tdv3_demux/reports/
D04_c1	D04	5	c1	78800000	c81e2db2-5318-4d47-9fb9-b558d8f62c4f	/home/tdinse/barcode_qc_Project_red/outputs/tdv4_demux/exp_c3_dorado200_demux/20250225_TDV4_SM2/rawdata/20250225_1412_X3_FBB15071_c81e2db2/bam_pass/barcode05/FBB15071_pass_barcode05_c81e2db2_907f9386_0.fastq	/home/tdinse/barcode_qc_Project_red/outputs/tdv4_demux/reports/
D04_c2	D04	6	c2	7880000	c81e2db2-5318-4d47-9fb9-b558d8f62c4f	/home/tdinse/barcode_qc_Project_red/outputs/tdv4_demux/exp_c3_dorado200_demux/20250225_TDV4_SM2/rawdata/20250225_1412_X3_FBB15071_c81e2db2/bam_pass/barcode06/FBB15071_pass_barcode06_c81e2db2_907f9386_0.fastq	/home/tdinse/barcode_qc_Project_red/outputs/tdv4_demux/reports/
D04_c3	D04	17	c3	788000	c81e2db2-5318-4d47-9fb9-b558d8f62c4f	/home/tdinse/barcode_qc_Project_red/outputs/tdv4_demux/exp_c3_dorado200_demux/20250225_TDV4_SM2/rawdata/20250225_1412_X3_FBB15071_c81e2db2/bam_pass/barcode17/FBB15071_pass_barcode17_c81e2db2_907f9386_0.fastq	/home/tdinse/barcode_qc_Project_red/outputs/tdv4_demux/reports/
D04_c4	D04	18	c4	78800	c81e2db2-5318-4d47-9fb9-b558d8f62c4f	/home/tdinse/barcode_qc_Project_red/outputs/tdv4_demux/exp_c3_dorado200_demux/20250225_TDV4_SM2/rawdata/20250225_1412_X3_FBB15071_c81e2db2/bam_pass/barcode18/FBB15071_pass_barcode18_c81e2db2_907f9386_0.fastq	/home/tdinse/barcode_qc_Project_red/outputs/tdv4_demux/reports/
D04_c5	D04	19	c5	7880	c81e2db2-5318-4d47-9fb9-b558d8f62c4f	/home/tdinse/barcode_qc_Project_red/outputs/tdv4_demux/exp_c3_dorado200_demux/20250225_TDV4_SM2/rawdata/20250225_1412_X3_FBB15071_c81e2db2/bam_pass/barcode19/FBB15071_pass_barcode19_c81e2db2_907f9386_0.fastq	/home/tdinse/barcode_qc_Project_red/outputs/tdv4_demux/reports/
D04_c0	D04	20	negative	0	c81e2db2-5318-4d47-9fb9-b558d8f62c4f	/home/tdinse/barcode_qc_Project_red/outputs/tdv4_demux/exp_c3_dorado200_demux/20250225_TDV4_SM2/rawdata/20250225_1412_X3_FBB15071_c81e2db2/bam_pass/barcode20/FBB15071_pass_barcode20_c81e2db2_907f9386_0.fastq	/home/tdinse/barcode_qc_Project_red/outputs/tdv4_demux/reports/
D05_c5	D05	19	c5	7880	9b2c3a75-6885-4c3c-a5fe-4b32c0371619	/home/tdinse/barcode_qc_Project_red/outputs/tdv5_demux/exp_c3_dorado200_demux/20250226_TDV5_SM/rawdata/20250226_1504_X3_FBB15071_9b2c3a75/bam_pass/barcode19/FBB15071_pass_barcode19_9b2c3a75_c67ac5ec_0.fastq	/home/tdinse/barcode_qc_Project_red/outputs/tdv5_demux/reports/
D05_c0	D05	20	negative	0	9b2c3a75-6885-4c3c-a5fe-4b32c0371619	/home/tdinse/barcode_qc_Project_red/outputs/tdv5_demux/exp_c3_dorado200_demux/20250226_TDV5_SM/rawdata/20250226_1504_X3_FBB15071_9b2c3a75/bam_pass/barcode20/FBB15071_pass_barcode20_9b2c3a75_c67ac5ec_0.fastq	/home/tdinse/barcode_qc_Project_red/outputs/tdv5_demux/reports/
D05_c1	D05	21	c1	78800000	9b2c3a75-6885-4c3c-a5fe-4b32c0371619	/home/tdinse/barcode_qc_Project_red/outputs/tdv5_demux/exp_c3_dorado200_demux/20250226_TDV5_SM/rawdata/20250226_1504_X3_FBB15071_9b2c3a75/bam_pass/barcode21/FBB15071_pass_barcode21_9b2c3a75_c67ac5ec_0.fastq	/home/tdinse/barcode_qc_Project_red/outputs/tdv5_demux/reports/
D05_c2	D05	22	c2	7880000	9b2c3a75-6885-4c3c-a5fe-4b32c0371619	/home/tdinse/barcode_qc_Project_red/outputs/tdv5_demux/exp_c3_dorado200_demux/20250226_TDV5_SM/rawdata/20250226_1504_X3_FBB15071_9b2c3a75/bam_pass/barcode22/FBB15071_pass_barcode22_9b2c3a75_c67ac5ec_0.fastq	/home/tdinse/barcode_qc_Project_red/outputs/tdv5_demux/reports/
D05_c3	D05	23	c3	788000	9b2c3a75-6885-4c3c-a5fe-4b32c0371619	/home/tdinse/barcode_qc_Project_red/outputs/tdv5_demux/exp_c3_dorado200_demux/20250226_TDV5_SM/rawdata/20250226_1504_X3_FBB15071_9b2c3a75/bam_pass/barcode23/FBB15071_pass_barcode23_9b2c3a75_c67ac5ec_0.fastq	/home/tdinse/barcode_qc_Project_red/outputs/tdv5_demux/reports/
D05_c4	D05	24	c4	78800	9b2c3a75-6885-4c3c-a5fe-4b32c0371619	/home/tdinse/barcode_qc_Project_red/outputs/tdv5_demux/exp_c3_dorado200_demux/20250226_TDV5_SM/rawdata/20250226_1504_X3_FBB15071_9b2c3a75/bam_pass/barcode24/FBB15071_pass_barcode24_9b2c3a75_c67ac5ec_0.fastq	/home/tdinse/barcode_qc_Project_red/outputs/tdv5_demux/reports/
D06_c1	D06	16	c1	78800000	5e4064e8-cc2f-4dd3-b3c9-806408b2aad0	/home/tdinse/barcode_qc_Project_red/outputs/tdv6_demux/exp_c3_dorado200_demux/20250303_TDV6_SM/rawdata/20250303_1137_X3_FBB14579_5e4064e8/bam_pass/barcode16/FBB14579_pass_barcode16_5e4064e8_25e0b69f_0.fastq	/home/tdinse/barcode_qc_Project_red/outputs/tdv6_demux/reports/
D06_c2	D06	17	c2	7880000	5e4064e8-cc2f-4dd3-b3c9-806408b2aad0	/home/tdinse/barcode_qc_Project_red/outputs/tdv6_demux/exp_c3_dorado200_demux/20250303_TDV6_SM/rawdata/20250303_1137_X3_FBB14579_5e4064e8/bam_pass/barcode17/FBB14579_pass_barcode17_5e4064e8_25e0b69f_0.fastq	/home/tdinse/barcode_qc_Project_red/outputs/tdv6_demux/reports/
D06_c3	D06	18	c3	788000	5e4064e8-cc2f-4dd3-b3c9-806408b2aad0	/home/tdinse/barcode_qc_Project_red/outputs/tdv6_demux/exp_c3_dorado200_demux/20250303_TDV6_SM/rawdata/20250303_1137_X3_FBB14579_5e4064e8/bam_pass/barcode18/FBB14579_pass_barcode18_5e4064e8_25e0b69f_0.fastq	/home/tdinse/barcode_qc_Project_red/outputs/tdv6_demux/reports/
D06_c4	D06	19	c4	78800	5e4064e8-cc2f-4dd3-b3c9-806408b2aad0	/home/tdinse/barcode_qc_Project_red/outputs/tdv6_demux/exp_c3_dorado200_demux/20250303_TDV6_SM/rawdata/20250303_1137_X3_FBB14579_5e4064e8/bam_pass/barcode19/FBB14579_pass_barcode19_5e4064e8_25e0b69f_0.fastq	/home/tdinse/barcode_qc_Project_red/outputs/tdv6_demux/reports/
D06_c5	D06	20	c5	7880	5e4064e8-cc2f-4dd3-b3c9-806408b2aad0	/home/tdinse/barcode_qc_Project_red/outputs/tdv6_demux/exp_c3_dorado200_demux/20250303_TDV6_SM/rawdata/20250303_1137_X3_FBB14579_5e4064e8/bam_pass/barcode20/FBB14579_pass_barcode20_5e4064e8_25e0b69f_0.fastq	/home/tdinse/barcode_qc_Project_red/outputs/tdv6_demux/reports/
D06_c0	D06	21	negative	0	5e4064e8-cc2f-4dd3-b3c9-806408b2aad0	/home/tdinse/barcode_qc_Project_red/outputs/tdv6_demux/exp_c3_dorado200_demux/20250303_TDV6_SM/rawdata/20250303_1137_X3_FBB14579_5e4064e8/bam_pass/barcode21/FBB14579_pass_barcode21_5e4064e8_25e0b69f_0.fastq	/home/tdinse/barcode_qc_Project_red/outputs/tdv6_demux/reports/
D07_c1	D07	16	c1	78800000	3b6ccb9b-6eef-4d6d-a6f4-c07cb89d6f6d	/home/tdinse/barcode_qc_Project_red/outputs/tdv7_demux/exp_c3_dorado200_demux/20250304_TDV7_SM/rawdata/20250304_1230_X3_FBB14579_3b6ccb9b/bam_pass/barcode16/FBB14579_pass_barcode16_3b6ccb9b_023287f2_0.fastq	/home/tdinse/barcode_qc_Project_red/outputs/tdv7_demux/reports/
D07_c2	D07	17	c2	7880000	3b6ccb9b-6eef-4d6d-a6f4-c07cb89d6f6d	/home/tdinse/barcode_qc_Project_red/outputs/tdv7_demux/exp_c3_dorado200_demux/20250304_TDV7_SM/rawdata/20250304_1230_X3_FBB14579_3b6ccb9b/bam_pass/barcode17/FBB14579_pass_barcode17_3b6ccb9b_023287f2_0.fastq	/home/tdinse/barcode_qc_Project_red/outputs/tdv7_demux/reports/
D07_c3	D07	18	c3	788000	3b6ccb9b-6eef-4d6d-a6f4-c07cb89d6f6d	/home/tdinse/barcode_qc_Project_red/outputs/tdv7_demux/exp_c3_dorado200_demux/20250304_TDV7_SM/rawdata/20250304_1230_X3_FBB14579_3b6ccb9b/bam_pass/barcode18/FBB14579_pass_barcode18_3b6ccb9b_023287f2_0.fastq	/home/tdinse/barcode_qc_Project_red/outputs/tdv7_demux/reports/
D07_c4	D07	19	c4	78800	3b6ccb9b-6eef-4d6d-a6f4-c07cb89d6f6d	/home/tdinse/barcode_qc_Project_red/outputs/tdv7_demux/exp_c3_dorado200_demux/20250304_TDV7_SM/rawdata/20250304_1230_X3_FBB14579_3b6ccb9b/bam_pass/barcode19/FBB14579_pass_barcode19_3b6ccb9b_023287f2_0.fastq	/home/tdinse/barcode_qc_Project_red/outputs/tdv7_demux/reports/
D07_c5	D07	20	c5	7880	3b6ccb9b-6eef-4d6d-a6f4-c07cb89d6f6d	/home/tdinse/barcode_qc_Project_red/outputs/tdv7_demux/exp_c3_dorado200_demux/20250304_TDV7_SM/rawdata/20250304_1230_X3_FBB14579_3b6ccb9b/bam_pass/barcode20/FBB14579_pass_barcode20_3b6ccb9b_023287f2_0.fastq	/home/tdinse/barcode_qc_Project_red/outputs/tdv7_demux/reports/
D07_c0	D07	21	negative	0	3b6ccb9b-6eef-4d6d-a6f4-c07cb89d6f6d	/home/tdinse/barcode_qc_Project_red/outputs/tdv7_demux/exp_c3_dorado200_demux/20250304_TDV7_SM/rawdata/20250304_1230_X3_FBB14579_3b6ccb9b/bam_pass/barcode21/FBB14579_pass_barcode21_3b6ccb9b_023287f2_0.fastq	/home/tdinse/barcode_qc_Project_red/outputs/tdv7_demux/reports/
D08_c1	D08	14	c1	78800000	07a0bbf2-67dc-45e8-8fc8-adb88369723e	/home/tdinse/barcode_qc_Project_red/outputs/tdv8_demux/exp_c3_dorado200_demux/20250305_TDV8_SM/rawdata/20250305_1043_X1_FBB17488_07a0bbf2/bam_pass/barcode14/FBB17488_pass_barcode14_07a0bbf2_7a8a6f3f_0.fastq	/home/tdinse/barcode_qc_Project_red/outputs/tdv8_demux/reports/
D08_c2	D08	15	c2	7880000	07a0bbf2-67dc-45e8-8fc8-adb88369723e	/home/tdinse/barcode_qc_Project_red/outputs/tdv8_demux/exp_c3_dorado200_demux/20250305_TDV8_SM/rawdata/20250305_1043_X1_FBB17488_07a0bbf2/bam_pass/barcode15/FBB17488_pass_barcode15_07a0bbf2_7a8a6f3f_0.fastq	/home/tdinse/barcode_qc_Project_red/outputs/tdv8_demux/reports/
D08_c3	D08	18	c3	788000	07a0bbf2-67dc-45e8-8fc8-adb88369723e	/home/tdinse/barcode_qc_Project_red/outputs/tdv8_demux/exp_c3_dorado200_demux/20250305_TDV8_SM/rawdata/20250305_1043_X1_FBB17488_07a0bbf2/bam_pass/barcode18/FBB17488_pass_barcode18_07a0bbf2_7a8a6f3f_0.fastq	/home/tdinse/barcode_qc_Project_red/outputs/tdv8_demux/reports/
D08_c4	D08	19	c4	78800	07a0bbf2-67dc-45e8-8fc8-adb88369723e	/home/tdinse/barcode_qc_Project_red/outputs/tdv8_demux/exp_c3_dorado200_demux/20250305_TDV8_SM/rawdata/20250305_1043_X1_FBB17488_07a0bbf2/bam_pass/barcode19/FBB17488_pass_barcode19_07a0bbf2_7a8a6f3f_0.fastq	/home/tdinse/barcode_qc_Project_red/outputs/tdv8_demux/reports/
D08_c5	D08	20	c5	7880	07a0bbf2-67dc-45e8-8fc8-adb88369723e	/home/tdinse/barcode_qc_Project_red/outputs/tdv8_demux/exp_c3_dorado200_demux/20250305_TDV8_SM/rawdata/20250305_1043_X1_FBB17488_07a0bbf2/bam_pass/barcode20/FBB17488_pass_barcode20_07a0bbf2_7a8a6f3f_0.fastq	/home/tdinse/barcode_qc_Project_red/outputs/tdv8_demux/reports/
D08_c0	D08	21	negative	0	07a0bbf2-67dc-45e8-8fc8-adb88369723e	/home/tdinse/barcode_qc_Project_red/outputs/tdv8_demux/exp_c3_dorado200_demux/20250305_TDV8_SM/rawdata/20250305_1043_X1_FBB17488_07a0bbf2/bam_pass/barcode21/FBB17488_pass_barcode21_07a0bbf2_7a8a6f3f_0.fastq	/home/tdinse/barcode_qc_Project_red/outputs/tdv8_demux/reports/
D09_c1	D09	16	c1	78800000	92c3ad57-d805-4ef2-8fcc-7191c1005186	/home/tdinse/barcode_qc_Project_red/outputs/tdv9_demux/exp_c3_dorado200_demux/20250227_TDV9_SM/rawdata/20250227_1527_X1_FBB14811_92c3ad57/bam_pass/barcode16/FBB14811_pass_barcode16_92c3ad57_b2c92795_0.fastq	/home/tdinse/barcode_qc_Project_red/outputs/tdv9_demux/reports/
D09_c2	D09	17	c2	7880000	92c3ad57-d805-4ef2-8fcc-7191c1005186	/home/tdinse/barcode_qc_Project_red/outputs/tdv9_demux/exp_c3_dorado200_demux/20250227_TDV9_SM/rawdata/20250227_1527_X1_FBB14811_92c3ad57/bam_pass/barcode17/FBB14811_pass_barcode17_92c3ad57_b2c92795_0.fastq	/home/tdinse/barcode_qc_Project_red/outputs/tdv9_demux/reports/
D09_c3	D09	18	c3	788000	92c3ad57-d805-4ef2-8fcc-7191c1005186	/home/tdinse/barcode_qc_Project_red/outputs/tdv9_demux/exp_c3_dorado200_demux/20250227_TDV9_SM/rawdata/20250227_1527_X1_FBB14811_92c3ad57/bam_pass/barcode18/FBB14811_pass_barcode18_92c3ad57_b2c92795_0.fastq	/home/tdinse/barcode_qc_Project_red/outputs/tdv9_demux/reports/
D09_c4	D09	19	c4	78800	92c3ad57-d805-4ef2-8fcc-7191c1005186	/home/tdinse/barcode_qc_Project_red/outputs/tdv9_demux/exp_c3_dorado200_demux/20250227_TDV9_SM/rawdata/20250227_1527_X1_FBB14811_92c3ad57/bam_pass/barcode19/FBB14811_pass_barcode19_92c3ad57_b2c92795_0.fastq	/home/tdinse/barcode_qc_Project_red/outputs/tdv9_demux/reports/
D09_c5	D09	20	c5	7880	92c3ad57-d805-4ef2-8fcc-7191c1005186	/home/tdinse/barcode_qc_Project_red/outputs/tdv9_demux/exp_c3_dorado200_demux/20250227_TDV9_SM/rawdata/20250227_1527_X1_FBB14811_92c3ad57/bam_pass/barcode20/FBB14811_pass_barcode20_92c3ad57_b2c92795_0.fastq	/home/tdinse/barcode_qc_Project_red/outputs/tdv9_demux/reports/
D09_c0	D09	21	negative	0	92c3ad57-d805-4ef2-8fcc-7191c1005186	/home/tdinse/barcode_qc_Project_red/outputs/tdv9_demux/exp_c3_dorado200_demux/20250227_TDV9_SM/rawdata/20250227_1527_X1_FBB14811_92c3ad57/bam_pass/barcode21/FBB14811_pass_barcode21_92c3ad57_b2c92795_0.fastq	/home/tdinse/barcode_qc_Project_red/outputs/tdv9_demux/reports/
